{"signal": [0.5, 0.47, 0.52, 0.48, 0.53, 0.44, 0.46, 0.49, 0.48, 0.46, 0.53, 0.57, 0.58, 0.45, 0.52, 0.41, 0.48, 0.56, 0.47, 0.49, 0.57, 0.53, 0.47, 0.46, 0.54, 0.58, 0.49, 0.5, 0.5, 0.53, 0.53, 0.42, 0.53, 0.54, 0.45, 0.52, 0.48, 0.51, 0.49, 0.39, 0.43, 0.58, 0.59, 0.49, 0.47, 0.51, 0.48, 0.51, 0.46, 0.48, 0.49, 0.48, 0.59, 0.46, 0.46, 0.51, 0.45, 0.45, 0.51, 0.54, 0.49, 0.55, 0.57, 0.41, 0.47, 0.5, 0.44, 0.54, 0.53, 0.58, 0.57, 0.44, 0.5, 0.52, 0.57, 0.45, 0.42, 0.47, 0.51, 0.5, 0.47, 0.5, 0.55, 0.49, 0.48, 0.54, 0.55, 0.4, 0.42, 0.5, 0.53, 0.54, 0.49, 0.46, 0.47, 0.45, 0.51, 0.42, 0.42, 0.51, 0.6, 0.53, 0.46, 0.53, 0.56, 0.33, 0.41, 0.54, 0.49, 0.51, 0.53, 0.48, 0.5, 0.52, 0.54, 0.47, 0.49, 0.53, 0.51, 0.46, 0.44, 0.46, 0.54, 0.54, 0.47, 0.43, 0.43, 0.45, 0.61, 0.66, 0.5, 0.46, 0.44, 0.55, 0.54, 0.42, 0.42, 0.45, 0.49, 0.36, 0.52, 0.59, 0.53, 0.53, 0.54, 0.49, 0.42, 0.44, 0.51, 0.52, 0.5, 0.55, 0.52, 0.46, 0.38, 0.54, 0.55, 0.5, 0.46, 0.47, 0.49, 0.51, 0.53, 0.5, 0.5, 0.51, 0.43, 0.47, 0.54, 0.5, 0.44, 0.59, 0.59, 0.47, 0.49, 0.49, 0.55, 0.45, 0.48, 0.53, 0.61, 0.62, 0.52, 0.49, 0.43, 0.48, 0.41, 0.57, 0.61, 0.65, 0.62, 0.64, 0.6, 0.68, 0.66, 0.68, 0.64, 0.64, 0.6, 0.61, 2.04, 2.04, 1.95, 1.85, 1.37, 0.54, 0.12, 0.1, 0.1, 0.23, 0.33, 0.39, 0.49, 0.48, 0.46, 0.45, 0.51, 0.44, 0.35, 0.38, 0.45, 0.43, 0.48, 0.5, 0.52, 0.44, 0.54, 0.35, 0.36, 0.42, 0.4, 0.4, 0.44, 0.47, 0.44, 0.51, 0.52, 0.47, 0.45, 0.43, 0.4, 0.49, 0.49, 0.5, 0.32, 0.3, 0.42, 0.53, 0.44, 0.39, 0.51, 0.45, 0.45, 0.5, 0.53, 0.46, 0.52, 0.49, 0.47, 0.47, 0.5, 0.51, 0.46, 0.44, 0.49, 0.45, 0.55, 0.52, 0.44, 0.54, 0.51, 0.44, 0.52, 0.56, 0.42, 0.51, 0.51, 0.41, 0.43, 0.5, 0.53, 0.53, 0.44, 0.38, 0.44, 0.56, 0.59, 0.54, 0.41, 0.38, 0.49, 0.52, 0.63, 0.5, 0.48, 0.56, 0.49, 0.56, 0.47, 0.36, 0.52, 0.6, 0.6, 0.55, 0.5, 0.55, 0.55, 0.48, 0.52, 0.51, 0.56, 0.66, 0.62, 0.62, 0.62, 0.64, 0.54, 0.6, 0.54, 0.62, 0.69, 0.66, 0.59, 0.51, 0.61, 0.59, 0.6, 0.64, 0.59, 0.55, 0.57, 0.59, 0.5, 0.51, 0.63, 0.62, 0.43, 0.51, 0.58, 0.62, 0.54, 0.57, 0.55, 0.59, 0.48, 0.42, 0.47, 0.4, 0.42, 0.49, 0.49, 0.54, 0.44, 0.55, 0.61, 0.54, 0.49, 0.5, 0.42, 0.46, 0.57, 0.55, 0.5, 0.52, 0.46, 0.43, 0.49, 0.45, 0.48, 0.57, 0.49, 0.55, 0.5, 0.43, 0.47, 0.51, 0.54, 0.5, 0.47, 0.43, 0.52, 0.49, 0.54, 0.52, 0.48, 0.48, 0.44, 0.44, 0.46, 0.46, 0.48, 0.48, 0.53, 0.51, 0.5, 0.49, 0.48, 0.46, 0.44, 0.46], "gaussienne": [0.5102812333220549, 23.65380512296867, 53.35730317074987, 0.24933411853303628, 106.96684804428374, 28.49551604033989, 20.9146003475064, 279.69406624545485, 62.51042603091051, -0.333126664688994, 231.0328636487365, -14.475252274895787, -20.409201921171274, 280.1236882623713, 60.7778516073874]}