{"signal": [0.63, 0.63, 0.61, 0.62, 0.63, 0.77, 0.7, 0.51, 0.7, 0.79, 0.67, 0.66, 0.69, 0.74, 0.76, 0.76, 0.72, 0.7, 0.76, 0.76, 0.8, 0.77, 0.73, 0.72, 0.79, 0.82, 0.81, 0.87, 0.79, 0.79, 0.82, 0.9, 0.87, 0.84, 0.79, 0.88, 0.79, 0.9, 0.99, 0.82, 0.9, 0.92, 0.89, 0.89, 1.0, 0.92, 0.93, 0.84, 0.9, 0.9, 0.92, 2.23, 2.19, 2.08, 1.77, 1.56, 1.12, 0.81, 0.71, 0.66, 0.58, 0.53, 0.49, 0.51, 0.5, 0.61, 0.59, 0.43, 0.39, 0.52, 0.47, 0.45, 0.49, 0.44, 0.53, 0.58, 0.59, 0.6, 0.58, 0.57, 0.56, 0.67, 0.6, 0.55, 0.6, 0.6, 0.61, 0.63, 0.6, 0.55, 0.64, 0.7, 0.62, 0.64, 0.59, 0.6, 0.67, 0.56, 0.65, 0.61, 0.6], "gaussienne": [0.7380144702527794, 19.138378185598093, 29.738454252741338, 0.37354483944161476, 46.281507918921996, 10.931577255840658, 4.055183370697126, 51.97029738657848, 0.2695860463567852, 1.2496320861324413, 53.93768575787524, 1.7606462621978007, 0.6031623338753774, 94.1985799254217, 19.996388627660824]}