Numéro enregistrement,Numéro battement,Amplitude 1,Amplitude 2,Amplitude 3,Amplitude 4,Amplitude 5,Centre 1,Centre 2,Centre 3,Centre 4,Centre 5,Ecart-type 1,Ecart-type 2,Ecart-type 3,Ecart-type 4,Ecart-type 5,Période interpics
202,6167,-0.12910281894373818,-0.012822458168026966,-0.012822458171080079,-0.012822458171080079,-0.12910281894346062,1.3877787807814457e-15,0.0,2.7755575615628914e-16,2.7755575615628914e-16,0.0,0.029291110926827874,0.002904629523458155,0.0029046295240965333,0.002904629524124289,0.029291110926633585,6.436
202,6168,-0.12913763077132542,-0.012913760146782144,-0.01291376014761481,-0.012574374434470853,-0.12879824505818147,-2.7755575615628914e-16,-1.1102230246251565e-15,1.1102230246251565e-15,-2.7755575615628914e-16,0.0,0.029297950847943482,0.0029297943888163505,0.0029297943890661507,0.002929794388733084,0.02929795084763817,0.1
202,6169,-0.04900154179295249,-0.03596012547194797,0.04019103203559765,-0.03644117979171577,0.019324688897890685,-3.141599315988919,-2.7106547561019254,-2.6755363683716777,-2.6404278409078397,3.0724297331890105,0.009917661809876284,0.0014104069944999012,0.0020411401001643402,0.0014109339503087506,0.009999999999764043,23.472
202,6170,0.16835427780378145,0.178754185764635,-0.03603332614670575,0.08461277028697808,0.08492013835297738,-3.1416670932517157,-3.1415926537078547,-3.004101780991573,-2.742503682530818,-2.7423486000614523,0.009952353399043613,0.00099998045710492,0.0012598433369721542,-0.007994985408912463,0.010014723500318219,0.248
