Numéro enregistrement,Numéro battement,Amplitude 1,Amplitude 2,Amplitude 3,Amplitude 4,Amplitude 5,Centre 1,Centre 2,Centre 3,Centre 4,Centre 5,Ecart-type 1,Ecart-type 2,Ecart-type 3,Ecart-type 4,Ecart-type 5,Période interpics
211,6471,0.08486176550718899,0.059172472877695115,0.4888084582046438,-0.1509111920497772,-0.04682460981686247,-3.088601934070267,-2.5107563722024566,-2.3563487211212344,-2.291220846509644,2.043927750528308,0.009999982945614284,0.00320114373333801,-0.006424887801837909,0.003433201368196017,0.009999999999999966,0.884
211,6472,0.23155654470467174,-0.2751252590836111,0.15546539982845295,-0.43984188146744796,-0.20440897814956174,-1.1313432263920857,2.3722427134093884,2.4018506799027586,2.4268167533028526,2.5322300167345633,0.009999999999999966,-0.0031313139655108155,0.0013673466301978845,0.0024745810916205666,0.00999999999997221,8.704
211,6473,-0.05171298927159055,-0.0017051936837542137,-0.001705193679868433,-0.0017051936826439906,-0.046908369629172705,-7.920630372415527e-06,-2.537086028764346e-06,-2.537086024323454e-06,-2.5370860257112327e-06,-6.755560851556819e-06,0.01915360956972586,0.0010687087605283354,0.001068708760556091,0.0010687087606393577,0.018434650744626434,18.478
211,6474,0.04668041623102001,0.05620703209690783,-0.038463668366378496,0.02564344239750223,0.03592292542201727,-3.141592637347876,-0.7668454508762488,0.47000205053705546,1.4594800516676996,3.0921254087392183,0.010004053524455296,0.001,0.001,0.001,0.009986337507376609,0.168
211,6475,0.1442137053843976,-0.31017775870513853,0.23928554786011216,-0.2659215300394719,-0.36649093382452763,-2.4479928249706955,1.9468154136234979,2.3399770113795424,2.5477518338160516,2.548442669638181,0.029335360458005978,0.11053360775160796,0.03030588208645279,-0.008078841208265427,0.08126696298184746,0.34
211,6476,0.050728829118218445,2.484124017598788e-10,2.509104035652854e-10,2.4952262478450393e-10,0.050722878264519745,-4.3916364311502573e-05,-7.921441280700492e-13,-7.979727989493313e-13,-7.954747971439247e-13,-4.391811547072021e-05,0.016390997775593233,0.0009999999999444889,0.0010000000000277556,0.0010000000000277556,0.016385192446320376,2.762
211,6477,0.07093615564335304,6.352801618092485e-07,6.352798842534924e-07,6.35280994476517e-07,0.06636752114597139,1.5395111174487663e-05,2.7732255380996662e-09,2.7732283136572278e-09,2.7732335872165947e-09,1.3150017962038074e-05,0.01973584161095828,0.001000000277888823,0.0010000002778471897,0.001000000277763923,0.019076579060296438,3.444
