Numéro enregistrement,Numéro battement,Amplitude 1,Amplitude 2,Amplitude 3,Amplitude 4,Amplitude 5,Centre 1,Centre 2,Centre 3,Centre 4,Centre 5,Ecart-type 1,Ecart-type 2,Ecart-type 3,Ecart-type 4,Ecart-type 5,Période interpics
225,6857,0.07373454216811803,-0.40306468144549557,-0.6554451352455931,0.08910713302305753,0.11821285455750233,-1.8018220347260638,0.5425778108692285,1.6277891676574614,2.552003316096988,2.5517133979307403,0.02004949095734229,0.0010146052643520967,0.18892580454123056,0.002965299399289698,0.007573629780769921,7.92
225,6858,-0.09839280759776495,-0.11181473758797436,0.2272769486495082,-0.5511596671128125,-0.12629255305375445,-3.1418774854570506,-3.1415988935054573,-3.10603002273094,-3.0173518461083386,2.5178439731886986,-0.00023723452958647874,-4.049643912874289e-06,0.030006062142039602,0.08795439986924908,0.030149422186199735,0.212
