Numéro enregistrement,Numéro battement,Amplitude 1,Amplitude 2,Amplitude 3,Amplitude 4,Amplitude 5,Centre 1,Centre 2,Centre 3,Centre 4,Centre 5,Ecart-type 1,Ecart-type 2,Ecart-type 3,Ecart-type 4,Ecart-type 5,Période interpics
57,1485,-0.11546821127986212,0.011817607389330553,0.009581845179795767,0.007883844153622224,-0.1175890932381129,-0.0001506561003886131,-2.751400786371594e-07,4.121938315948537e-06,8.393621179769717e-06,-0.0001537969552586893,0.01330403811543447,0.0011281034269608184,0.0011031038899208803,0.0010843843523910815,0.013275209249770476,22.98
