Numéro enregistrement,Numéro battement,Amplitude 1,Amplitude 2,Amplitude 3,Amplitude 4,Amplitude 5,Centre 1,Centre 2,Centre 3,Centre 4,Centre 5,Ecart-type 1,Ecart-type 2,Ecart-type 3,Ecart-type 4,Ecart-type 5,Période interpics
57,1485,-0.10776313220939301,-0.00633607756844734,-0.006336077569418785,-0.006336077567753451,-0.10225255101942163,-2.978158697847233e-06,1.6564911144156813e-06,1.6564911139993477e-06,1.6564911139993477e-06,-3.777960944501002e-06,0.0285825004949333,0.0016710618960722988,0.00167106189612781,0.0016710618959820932,0.028212168325544545,22.98
