Numéro enregistrement,Numéro battement,Amplitude 1,Amplitude 2,Amplitude 3,Amplitude 4,Amplitude 5,Centre 1,Centre 2,Centre 3,Centre 4,Centre 5,Ecart-type 1,Ecart-type 2,Ecart-type 3,Ecart-type 4,Ecart-type 5,Période interpics
141,4134,-0.1410555412320505,-0.0866226990703645,0.2246664235703882,-0.0775428452413826,0.1235730418570375,-2.585132996422947,0.2247009077781211,0.4720736836029789,0.7742410428716004,1.930036970413048,0.0193315416435958,0.0024551460907931,0.0377237005297616,0.0024074884859549,0.0100707416482822,1.47
141,4135,0.2611704542974022,-0.0305035591111494,0.2698534194691966,-0.0231492479828083,-0.0113865631000531,-2.6061433745252884,0.4556576458357451,0.5079119936594252,0.5642966346915768,2.521980087732129,0.010797353957152,0.0015580310303669,0.0131815982773859,0.0005050566732185,0.0099144002262515,1.5
141,4136,-0.004882507005078,-0.014126664758587,0.2833688891352295,-0.008726290569655,-0.1316370665366817,-3.115747037051478,-2.706300141985914,-2.657326094654345,-2.6029182087871896,0.2112113292681248,0.009988981116146,0.0016170662359174,0.011772354553129,0.0015353278744006,0.0206730465391363,15.824
141,4137,0.0297604758158498,-0.0877566954547482,0.2121794781923459,-0.0715403129934793,-0.0357128785737931,-3.0484624362728967,0.7754159748645918,1.0182859379080471,1.3095757365601577,1.6080484079446733,0.0099983372446776,0.0021030878745155,0.0323773803302386,0.0020522982523131,0.0099985626310053,2.652
141,4138,0.2774852111367478,-0.039615390973507,0.2705282466939628,-0.0199713220308503,-0.011380242523022,-2.6445602365319894,-1.6865567477716683,-1.6359796542856802,-1.5809435147938269,0.2434441859518676,0.0128930183586066,0.0019409812647652,0.0124727552877544,0.0017123301139604,0.0099545568471412,1.396
141,4139,0.2192403646748459,-0.146603146949447,0.2132348984876154,-0.1547485060571642,0.17016913475962,-1.9113947382484435,1.0339736147593137,1.09174445996134,1.1589170672307303,3.051388508090689,0.0127544763470804,0.0334319322773034,0.0167781815456336,0.03960237825698,0.0099999999999999,15.948
141,4140,-0.1548787819317989,-0.1356482279817097,0.0198729099894708,-0.019473727481375,0.039329715630867,-3.1415926538699,-3.1415865912900287,-1.9937030301627532,1.3895505967801007,3.0813700299225197,0.0099999284265861,0.0009994477572901,0.001,0.001,0.0093306738873821,0.304
