Numéro enregistrement,Numéro battement,Amplitude 1,Amplitude 2,Amplitude 3,Amplitude 4,Amplitude 5,Centre 1,Centre 2,Centre 3,Centre 4,Centre 5,Ecart-type 1,Ecart-type 2,Ecart-type 3,Ecart-type 4,Ecart-type 5,Période interpics
202,6167,-0.1291028189437381,-0.0128224581680269,-0.01282245817108,-0.01282245817108,-0.1291028189434606,1.3877787807814457e-15,0.0,2.7755575615628914e-16,2.7755575615628914e-16,0.0,0.0292911109268278,0.0029046295234581,0.0029046295240965,0.0029046295241242,0.0292911109266335,6.436
202,6168,-0.1291376307713254,-0.0129137601467821,-0.0129137601476148,-0.0125743744344708,-0.1287982450581814,-2.7755575615628914e-16,-1.1102230246251563e-15,1.1102230246251563e-15,-2.7755575615628914e-16,0.0,0.0292979508479434,0.0029297943888163,0.0029297943890661,0.002929794388733,0.0292979508476381,0.1
202,6169,-0.0490015417929524,-0.0359601254719479,0.0401910320355976,-0.0364411797917157,0.0193246888978906,-3.141599315988919,-2.7106547561019254,-2.6755363683716777,-2.64042784090784,3.0724297331890105,0.0099176618098762,0.0014104069944999,0.0020411401001643,0.0014109339503087,0.009999999999764,23.472
202,6170,0.1683542778037814,0.178754185764635,-0.0360333261467057,0.084612770286978,0.0849201383529773,-3.141667093251716,-3.1415926537078547,-3.004101780991573,-2.742503682530818,-2.7423486000614523,0.0099523533990436,0.0009999804571049,0.0012598433369721,-0.0079949854089124,0.0100147235003182,0.248
