Numéro enregistrement,Numéro battement,Amplitude 1,Amplitude 2,Amplitude 3,Amplitude 4,Amplitude 5,Centre 1,Centre 2,Centre 3,Centre 4,Centre 5,Ecart-type 1,Ecart-type 2,Ecart-type 3,Ecart-type 4,Ecart-type 5,Période interpics
211,6471,0.0848617655071889,0.0591724728776951,0.4888084582046438,-0.1509111920497772,-0.0468246098168624,-3.088601934070267,-2.5107563722024566,-2.3563487211212344,-2.291220846509644,2.043927750528308,0.0099999829456142,0.003201143733338,-0.0064248878018379,0.003433201368196,0.0099999999999999,0.884
211,6472,0.2315565447046717,-0.2751252590836111,0.1554653998284529,-0.4398418814674479,-0.2044089781495617,-1.1313432263920855,2.3722427134093884,2.4018506799027586,2.4268167533028526,2.5322300167345637,0.0099999999999999,-0.0031313139655108,0.0013673466301978,0.0024745810916205,0.0099999999999722,8.704
211,6473,-0.0517129892715905,-0.0017051936837542,-0.0017051936798684,-0.0017051936826439,-0.0469083696291727,-7.920630372415527e-06,-2.537086028764346e-06,-2.537086024323454e-06,-2.5370860257112327e-06,-6.755560851556819e-06,0.0191536095697258,0.0010687087605283,0.001068708760556,0.0010687087606393,0.0184346507446264,18.478
211,6474,0.04668041623102,0.0562070320969078,-0.0384636683663784,0.0256434423975022,0.0359229254220172,-3.141592637347876,-0.7668454508762488,0.4700020505370554,1.4594800516676996,3.0921254087392183,0.0100040535244552,0.001,0.001,0.001,0.0099863375073766,0.168
211,6475,0.1442137053843976,-0.3101777587051385,0.2392855478601121,-0.2659215300394719,-0.3664909338245276,-2.4479928249706955,1.9468154136234976,2.3399770113795424,2.547751833816052,2.548442669638181,0.0293353604580059,0.1105336077516079,0.0303058820864527,-0.0080788412082654,0.0812669629818474,0.34
211,6476,0.0507288291182184,2.484124017598788e-10,2.509104035652854e-10,2.4952262478450393e-10,0.0507228782645197,-4.391636431150257e-05,-7.921441280700492e-13,-7.979727989493314e-13,-7.954747971439248e-13,-4.391811547072021e-05,0.0163909977755932,0.0009999999999444,0.0010000000000277,0.0010000000000277,0.0163851924463203,2.762
211,6477,0.070936155643353,6.352801618092485e-07,6.352798842534924e-07,6.35280994476517e-07,0.0663675211459713,1.5395111174487663e-05,2.7732255380996662e-09,2.7732283136572278e-09,2.7732335872165947e-09,1.3150017962038074e-05,0.0197358416109582,0.0010000002778888,0.0010000002778471,0.0010000002777639,0.0190765790602964,3.444
