Numéro enregistrement,Numéro battement,Amplitude 1,Amplitude 2,Amplitude 3,Amplitude 4,Amplitude 5,Centre 1,Centre 2,Centre 3,Centre 4,Centre 5,Ecart-type 1,Ecart-type 2,Ecart-type 3,Ecart-type 4,Ecart-type 5,Période interpics
225,6857,0.073734542168118,-0.4030646814454955,-0.6554451352455931,0.0891071330230575,0.1182128545575023,-1.801822034726064,0.5425778108692285,1.6277891676574614,2.552003316096988,2.5517133979307403,0.0200494909573422,0.001014605264352,0.1889258045412305,0.0029652993992896,0.0075736297807699,7.92
225,6858,-0.0983928075977649,-0.1118147375879743,0.2272769486495082,-0.5511596671128125,-0.1262925530537544,-3.1418774854570506,-3.1415988935054573,-3.10603002273094,-3.0173518461083386,2.5178439731886986,-0.0002372345295864,-4.049643912874289e-06,0.0300060621420396,0.087954399869249,0.0301494221861997,0.212
