Numéro enregistrement,Numéro battement,Amplitude 1,Amplitude 2,Amplitude 3,Amplitude 4,Amplitude 5,Centre 1,Centre 2,Centre 3,Centre 4,Centre 5,Ecart-type 1,Ecart-type 2,Ecart-type 3,Ecart-type 4,Ecart-type 5,Période interpics
229,6992,-0.0496332418715444,-0.086402689485426,-0.6717467961733227,-0.7155382631728303,-0.5378496555361609,-3.1210816549964493,0.2002537926145378,0.3554423157668634,0.4892399176393121,1.3843323607236473,0.0108093686060042,0.0110432346352707,0.0159949853831335,0.1274280658199515,0.0949947821161545,15.09
229,6993,-0.046844744737884,0.1733387497011459,-0.0134996464901015,0.0009298586277286,-0.0041379526585847,-3.141592653835835,-3.141592653589793,-1.98871461557519,-0.3170414604540155,-0.3170385609534558,0.0099999303341643,0.001,0.001,0.001,0.0102170757011018,0.2
229,6994,-0.1357307356499376,0.0430432890200809,-0.5407440310305565,-0.3610757777733827,-0.1647901793128869,-3.1415999285548204,-2.99870334447962,-2.884520691168232,-2.1240075693564275,-1.2769434453117003,0.0099997458216063,0.0007184596381497,0.0797608030291612,0.0844432382613368,0.0339157007301191,0.156
229,6995,0.1290824952199232,0.0124516184563105,0.0124516184518697,0.0124516184574208,0.1290824952182579,-5.551115123125784e-16,0.0,0.0,1.1102230246251563e-15,1.1102230246251563e-15,0.0292871177413789,0.0027761748177524,0.0027761748169475,0.0027761748181688,0.0292871177410735,9.792
229,6997,-0.1420880150997313,0.1772398332279348,0.2688431584141344,-0.8420586632125586,-1.2887150423170184,-3.1415926503596703,-3.141592653589793,-0.8183980862292737,0.5015988270437486,0.4993946938330482,0.0100009036982828,0.001,0.001,0.001,0.1517572225804185,0.212
229,6998,-1.2807115480404487,-0.8404869402408021,0.785168210914655,-0.329460288662431,-0.5447227143862529,-2.2674013613141017,-1.7972832375772452,0.6283185307179586,1.6511626504846362,-3.1415996529845613,0.1128080172220391,0.001001656759091,0.001,0.0010000151186008,0.0067110012323023,0.152
229,6999,-1.0574887976046,0.5275188861743585,-0.735273454944653,0.3179110350442246,0.075863629130533,-1.0061423782322916,0.2940406917153009,0.9749770304244184,1.7178166726486626,-3.141600994284915,0.1633862913454251,0.001,0.001,0.0010000095115165,0.0084798971518068,0.708
229,7000,0.0703303416004066,-0.2122783540618611,0.0198808732798155,-0.0015915427829764,-0.1171521657356095,-3.1415926535900898,-3.141592653589793,-1.8439782966722695,1.502500834325553,3.073291583212712,0.0099999998959685,0.001,0.001,0.001,0.0100242615122124,0.138
