Numéro enregistrement,Numéro battement,Amplitude 1,Amplitude 2,Amplitude 3,Amplitude 4,Amplitude 5,Centre 1,Centre 2,Centre 3,Centre 4,Centre 5,Ecart-type 1,Ecart-type 2,Ecart-type 3,Ecart-type 4,Ecart-type 5,Période interpics
57,1485,-0.107763132209393,-0.0063360775684473,-0.0063360775694187,-0.0063360775677534,-0.1022525510194216,-2.978158697847233e-06,1.656491114415681e-06,1.6564911139993477e-06,1.6564911139993477e-06,-3.777960944501002e-06,0.0285825004949333,0.0016710618960722,0.0016710618961278,0.001671061895982,0.0282121683255445,22.98
