{"signal": [-0.16393442622950818], "gaussienne": [-0.5571063168832615, 0.18740635844990947, 7.869309122996139, -0.5539495292858259, 0.4062542509027883, 7.868219177303976, -0.5484428875256465, 0.6256050297859922, 7.8662462403701054, -0.5405582876858991, 0.8457030042628882, 7.863265312130715, -0.5302778413777951, 1.0668021332867608, 7.859076464342047]}