{"signal": [-0.21568627450980393], "gaussienne": [-0.7572206203165586, 0.18439723619226236, 7.743265401100548, -0.7539861257997594, 0.39978923119402265, 7.742921548314863, -0.7483450843799608, 0.6157326918879673, 7.742236133093478, -0.7402696365842505, 0.8325357702358888, 7.741068484611799, -0.7297287306775077, 1.0504914423096272, 7.739211541986339]}